[{
	"OrderTax": "1100235",
	"Row": "12",
	"Material": "102",
	"Description": "אולקוג'ל 100",
	"QuantityInvited": "200",
	"UnitsOfMeasurement": "PAC ",
	"AmountSupplied": "10",
	"Status": "ממתין",
	"ReceiptReport": "דווח קבלה",
	"Supplied":"סופק"
}, {
	"OrderTax": "1100256",
	"Row": "3",
	"Material": "554",
	"Description": "אקמול 500",
	"QuantityInvited": "10",
	"UnitsOfMeasurement": "PAC ",
	"AmountSupplied": "50",
	"Status": "ממתין",
	"ReceiptReport": "דווח קבלה",
	"Supplied":"סופק"
}, {
	"OrderTax": "1100267",
	"Row": "4",
	"Material": "253",
	"Description": "נורופן קידס 250",
	"QuantityInvited": "320",
	"UnitsOfMeasurement": "PAC ",
	"AmountSupplied": "200",
	"Status": "ממתין",
	"ReceiptReport": "דווח קבלה",
	"Supplied":"סופק"
}, {
	"OrderTax": "1100268",
	"Row": "2",
	"Material": "365",
	"Description": "נובימול 40",
	"QuantityInvited": "550",
	"UnitsOfMeasurement": "PAC ",
	"AmountSupplied": "120",
	"Status": "ממתין",
	"ReceiptReport": "דווח קבלה",
	"Supplied":"סופק"
}, {
	"OrderTax": "1100279",
	"Row": "11",
	"Material": "458",
	"Description": "נרות שבת 1000",
	"QuantityInvited": "10",
	"UnitsOfMeasurement": "PAC ",
	"AmountSupplied": "2",
	"Status": "ממתין",
	"ReceiptReport": "דווח קבלה",
	"Supplied":"סופק"

}]